train_loss,epoch,step
6.926015377044678,0,49
6.0909833908081055,0,99
